,,,,,,
,,,,,,Global
,adm_user=matrixatm1,,Global,,,Model
,,,,,,Carrier
,adm_passwd=$AES$2B1A2AA21A3C2A792AD50857C21AE55C,,Global,,,Customer
,,,,,,Device Specific
,adm_users=,,Global,,,
,advanced=1,,Global,,,
,alarm_clear=0,,Global(?),,,
,alarm_confirm=0,,Global(?),,,
,,,,,,
,"alarm_input_options=fault-service,memory-low,port0-wan-link-up/down,port1-4-link-up/down,dialup-up/down,traffic-alarm,traffic-discon,switch-sim-card,switch-backup-link,fault-sim-card,fault-signal-quality,",,Model,,,
,"alarm_input=0,0,1,1,0,0,0,0,0,0,0,",,Model,,,
,"alarm_output_options=cli,out-dm,out-rmon,",,Model,,,
,"alarm_output=0,0,1,",,Model,,,
,,,,,,
,auto_ping_enable=0,,Global,,,
,,,,,,
,backup_sim_policy_enable=0,,Carrier,,,
,backup_sim_policy_revert_day=1,,Carrier,,,
,backup_sim_policy_using_time=0,,Carrier,,,
,,,,,,
,cert_ca=,,Global ,vpn,ignore,
,cert_crl=,,Global ,,,
,cert_key=,,Global ,,,
,cert_private=,,Global ,,,
,cert_public=,,,,,
,,,,,,
,com0_config=115200 8N1,,Model?,serial,ignore,
,com0_hw_flow=0,,Model?,Global,,
,com0_sw_flow=0,,Model?,Global,,
,com1_config=115200 8N1,,Model?,Global,,
,com1_hw_flow=0,,Model?,Global,,
,com1_sw_flow=0,,Model?,Global,,
,com4_config=19200 8N1,,Model?,Global,,
,com4_hw_flow=0,,Model?,Global,,
,com4_sw_flow=0,,Model?,Global,,
,,,,,,
,console_description=,,,,,
,console_enable=0,,,,,
,console_iface=/dev/ttyS1,,,,,
,,,,,,
,,,,,,
,cron_rb_days=0,,Global,scheduler,possible customer custimization capability,
,cron_rb_enable=0,,Global,,,
,cron_rb_time=225,,Global,,,
,,,,,,
,ct_max=2048,,?,,,
,ct_tcp_timeout=,,?,,,
,ct_udp_timeout=,,?,,,
,,,,,,
,ddnsx0_cache=,,Global,,Dynamic DNS,
,ddnsx0=,,Global,,,
,ddnsx1_cache=,,Global,,,
,ddnsx1=,,Global,,,
,ddnsx2_cache=,,Global,,,
,ddnsx2=,,Global,,,
,debug_keepfiles=1,,Global,,,
,description=www.inhandnetworks.com,,Global,,,
,,,,,,
,dhcpd_enable=1,,Customer or Device ?,,,
,dhcpd_end=192.168.1.254,,Customer or Device ?,,,
,dhcpd_ifname=lan0,,?,,,
,dhcpd_lease=60,,Global or Model?,,,
,dhcpd_option_domain=0,,Global ,,,
,dhcpd_slt=,,?,,,
,dhcpd_start=192.168.1.100,,Customer or Device ?,,,
,dhcpd_static=,,Customer or Device ?,,,
,dhcpd_wins=0.0.0.0,,Global,,,
,,,,,,
,dialwh_conn_cmd=CONNECT,,? Global,,,
,dialwh_conn_timeout=60,,? Global,,,
,dialwh_disconn_cmd=DOWN,,? Global,,,
,dialwh_disconn_timeout=30,,? Global,,,
,dialwh_enable=0,,? Global,,,
,dialwh_port=6001,,? Global,,,
,dialwh_proto=TCP,,? Global,,,
,,,,,,
,"digitalio_config=1,0,0;1,0,0;",,Device,,,
,,,,,,
,dmz_enable=0,,Global,,DMZ don’t need,
,dmz_iface=,,Global,,,
,dmz_ip=,,Global,,,
,dmz_src=,,Global,,,
,dmz_tunnel=,,Global,,,
,dmz0_iface=none,,Global,,,
,dmz0_ip=192.168.3.1,,Global,,,
,dmz0_mac=,,Global,,,
,dmz0_mip=,,Global,,,
,dmz0_mtu_enable=0,,Global,,,
,dmz0_mtu=1500,,Global,,,
,dmz0_name=dmz0,,Global,,,
,dmz0_netmask=255.255.255.0,,Global,,,
,dmz0_proto=none,,Global,,,
,,,,,,
,dns_addget=1,,?,,,
,,,,,,
,dns_proxy_disable=0,,Global,DNS,,
,dns_static=8.8.8.8;1.1.1.1,,Global,,,
,dnsmasq_custom=,,Global,,,
,dnsrelay_enable=1,,Global,,,
,dnsrelay_static=,,Global,,,
,dnsrelay=1,,Global,,,
,domainname=inhand-router.com,,Global,,,
,,,,,,
,dtu_buf_size=10240,,Global,Serial,,
,dtu_conn_idle=30,,Global,,,
,dtu_conn_interval=5,,Global,,,
,dtu_conn_retry_max=180,,Global,,,
,dtu_conn_retry_min=15,,Global,,,
,dtu_conn_retry_num=5,,Global,,,
,dtu_connection_mode=0,,Global,,,
,dtu_crlf=0,,Global,,,
,dtu_downstr=,,Global,,,
,dtu_enable=0,,Global,,,
,dtu_frameval=100,,Global,,,
,dtu_hbnum=5,,Global,,,
,dtu_hbval=60,,Global,,,
,dtu_id_trap_intv=0,,Global,,,
,dtu_id=,,Global,,,
,dtu_iface=/dev/ttyS1,,Global,,,
,dtu_ma8_enable=0,,Global,,,
,dtu_ma8_hb_context=,,Global,,,
,dtu_ma8_hb_format=0,,Global,,,
,dtu_ma8_hb_used=0,,Global,,,
,dtu_mserver_policy=0,,Global,,,
,dtu_port=502,,Global,,,
,dtu_protocol=0,,Global,,,
,dtu_server_mode=0,,Global,,,
,dtu_server=,,Global,,,
,dtu_src=,,Global,,,
,dtu_str_format=1,,Global,,,
,dtu_tcp_mode=0,,Global,,,
,dtu_timeout=120,,Global,,,
,dtu_uartframe_num=4,,Global,,,
,dtu_upstr=,,Global,,,
,dtu1_enable=,,Global,,,
,dtu1_iface=/dev/ttyS0,,Global,,,
,,,,,,
,down_bandwidth=1000,,Global,QoS,,
,,,,,,
,dual_sim_csq_retry=0,,Carrier,,Non Dual Sim,
,dual_sim_enable=0,,Carrier,,Non Dual Sim,
,dual_sim_main=0,,Carrier,,Non Dual Sim,
,dual_sim_max_retry=5,,Carrier,,Non Dual Sim,
,dual_sim_min_conn_time=0,,Carrier,,Non Dual Sim,
,dual_sim_min_csq=9,,Carrier,,Non Dual Sim,
,,,,,,
,dual_sim_csq_retry=0,,Carrier,,Dual SIM,
,dual_sim_enable=1,,Carrier,,Dual SIM,
,dual_sim_main=0,,Carrier,,Dual SIM,
,dual_sim_max_retry=5,,Carrier,,Dual SIM,
,dual_sim_min_conn_time=120,,Carrier,,Dual SIM,
,dual_sim_min_csq=4,,Carrier,,Dual SIM,
,,,,,,
,engineer_mode=0,,?,,,
,env_path=,,?,,,
,,,,,,
,fw_acl=1<4<0.0.0.0/0<<0.0.0.0/0<<1<1<>,,Customer / Service plan / Device,,,
,fw_anti_dos=1,,Global,,,
,fw_block_activex=0,,Global,,,
,fw_block_applet=0,,Global,,,
,fw_block_cookie=0,,Global,,,
,fw_block_ident=0,,Global,,,
,fw_block_loopback=0,,Global,,,
,fw_block_multicast=1,,Global,,,
,fw_block_proxy=0,,Global,,,
,fw_block_wan=0,,Global,,,
,fw_clear_conntrack=1,,,,,
,fw_log_limit=60,,,,,
,fw_mac_rules_saved=,,,,,
,fw_mac_rules=,,,,,
,fw_nat=,,,Customer (ATM RMS Forwarding and ALTECH),,
,fw_portmap=,,,,,
,fw_router_vip=,,,,,
,fw_strict=0,,,,,
,fw_vip_range=,,,,,
,fw_vip=,,,,,
,fw_web=,,,Content Filtering,,
,,,,,,
,fw_acl=1<4<192.168.1.0/24<<34.199.0.0/16<<1<1<Amazon Resource>1<4<192.168.1.0/24<<208.35.209.1<<1<1<CDS>1<4<192.168.1.0/24<<216.58.156.98<<1<1<CDS>1<4<192.168.1.0/24<<198.28.31.98<<1<1<CDS>1<4<192.168.1.0/24<<204.8.249.126<<1<1<Switch Commerce>1<4<192.168.1.0/24<<67.23.48.67 <<1<1<Switch Commerce>1<4<192.168.1.0/24<<207.108.146.108<<1<1<Switch Commerce>1<4<192.168.1.0/24<<208.224.248.160<<1<1<Switch Commerce>1<4<192.168.1.0/24<<67.23.53.167<<1<1<Switch Commerce>1<4<192.168.1.0/24<<64.211.210.167<<1<1<Switch Commerce>1<4<192.168.1.0/24<<206.71.17.21/32 <<1<1<PAI>1<4<192.168.1.0/24<<20.88.238.228/32<<1<1<Digital Network>1<4<192.168.1.0/24<<20.221.234.232<<1<1<Digital Network>1<4<192.168.1.0/24<<216.26.158.20<<1<1<PAI MV RMS>1<4<192.168.1.0/24<<216.26.158.19<<1<1<PAI GM RMS>1<4<192.168.1.0/24<<69.21.165.134<<1<1<1st ISO>1<4<192.168.1.0/24<<209.103.211.74<<1<1<1st ISO>1<4<192.168.1.0/24<<64.88.167.58<<1<0<EFX>1<4<192.168.1.0/24<<34.199.247.183<<1<1<LibertyX>1<4<192.168.1.0/24<<208.78.47.0/24<<1<1<Planet Payment DCC>1<4<192.168.1.0/24<<8.8.8.8<<1<1<DNS>1<4<192.168.1.0/24<<8.8.4.4<<1<1<DNS>1<4<192.168.1.0/24<<1.1.1.1<<1<1<DNS>1<4<192.168.1.0/24<<3.5.0.0/16<<1<1<AWS Genmega>1<4<192.168.1.0/24<<52.192.0.0/12<<1<1<AWS Genmega2>1<4<192.168.1.0/24<<216.58.156.80<<1<1<CDS>1<4<192.168.1.0/24<<63.175.24.215<<1<1<CDS>1<4<0.0.0.0/0<<0.0.0.0/0<<2<1<Block>,,Service Plan/Customer/Device,,,
,fw_anti_dos=1,,Global,,,
,fw_block_activex=0,,Global,,,
,fw_block_applet=0,,Global,,,
,fw_block_cookie=0,,Global,,,
,fw_block_ident=0,,Global,,,
,fw_block_loopback=0,,Global,,,
,fw_block_multicast=1,,Global,,,
,fw_block_proxy=0,,Global,,,
,fw_block_wan=0,,Global,,,
,fw_clear_conntrack=1,,Global,,,
,fw_log_limit=60,,Global,,,
,fw_mac_rules_saved=,,Global,,,
,fw_mac_rules=,,Global,,,
,fw_nat=,,Service Plan/Customer/Device?,,,
,fw_portmap=,,Global,,,
,fw_router_vip=,,Global,,,
,fw_strict=0,,Global,,,
,fw_vip_range=,,Global,,,
,fw_vip=,,Global,,,
,fw_web=1<libertyx.com<1<1<>1<atm1.switchcommerce.net<1<1<>1<atm2.switchcommerce.net<1<1<>1<atmssl.dnsatm.com<1<1<DNS>1<atmtls.dnsatm.com<1<1<DNS>1<gm.rmsfm.com<1<1<PAI RMS>1<mv.rmsfm.com<1<1<PAI RMS>,,Service Plan/Customer/Device,,,
,,,,,,
,gps_enable=0,,Global,gps,,
,gre_tunnels=,,Global,vpn,,
,gsm_wcdma_band_config=ALL,,Global, cellular,,
,,,,,,
,hostname=DC_22_ATM_05082025,,Gloal host name possible,,,
,http_api_description=,,Global ,,,
,http_api_enable=1,,Global ,,,
,http_api_local=1,,Global ,,,
,http_api_port=4444,,Global ,,,
,http_api_remote=1,,Global ,,,
,http_api_src=,,Global ,,,
,http_description=,,Global ,,,
,http_enable=1,,Global ,,,
,http_local=1,,Global ,,,
,http_port=80,,Global ,,,
,http_remote=1,,Global ,,,
,http_src=,,Global ,,,
,https_description=,,Global ,,,
,https_enable=0,,Global ,,,
,https_local=1,,Global ,,,
,https_port=443,,Global ,,,
,https_remote=1,,Global ,,,
,https_src=173.15.161.73,Wrong,Global ,,,
,hw_reset_disable=0,Possible 1,Global ,,,
,,,,,,
,ike_policies=,,Global ,VPN,,
,io_chip=0,,Model,IO,,
,io_triggered_report=0,,Model,IO,,
,iodigital_input_data=0c,,model,IO,,
,ip_passthrough_mac=,,Global ,IPPASSTHROUGH,,
,ipsec_compress=1,,Global ,VPN,,
,ipsec_debug=0,,Global ,,,
,ipsec_dynnattport=0,,Global ,,,
,ipsec_force_natt=0,,Global ,,,
,ipsec_natt_enable=1,,Global ,,,
,ipsec_natt_interval=60,,Global ,,,
,ipsec_nocrsend=0,,Global ,,,
,ipsec_policies=,,Global ,,,
,ipsec_stack=netkey,,Global ,,,
,ipsec_tunnel_action=,,Global ,,,
,ipsec_tunnel_name=,,Global ,,,
,ipsec_tunnels=,,Global ,,,
,ipsec_uniqueids=1,,Global ,,,
,,,,,,
,l2tp_debug=0,,Global ,VPN,,
,l2tpc_tunnel_action=,,Global ,VPN,,
,l2tpc_tunnel_name=,,Global ,VPN,,
,l2tpc_tunnels=,,Global ,VPN,,
,l2tps_debug=0,,Global ,VPN,,
,l2tps_enable=0,,Global ,VPN,,
,l2tps_expert=,,Global ,VPN,,
,l2tps_interval=60,,Global ,VPN,,
,l2tps_localip=,,Global ,VPN,,
,l2tps_mppe=0,,Global ,VPN,,
,l2tps_passwd=,,Global ,VPN,,
,l2tps_remoteip=,,Global ,VPN,,
,l2tps_remotemask=,,Global ,VPN,,
,l2tps_remotenet=,,Global ,VPN,,
,l2tps_retry=5,,Global ,VPN,,
,l2tps_username=,,Global ,VPN,,
,lan_port1=1,,Model/Service/Device,,,
,lan_port2=1,,Model/Service/Device,,,
,lan0_default_route=1,,Model/Service/Device,,,
,lan0_gateway=,,Model/Service/Device,,,
,lan0_iface=eth2.1,,Model/Service/Device,,,
,lan0_ip=192.168.1.90,,Model/Service/Device,,,
,lan0_last_ip=192.168.2.1,,Model/Service/Device,,,
,lan0_last_netmask=255.255.255.0,,Model/Service/Device,,,
,lan0_mac=00:18:05:15:14:F6,,Inherited,,,
,lan0_mdix=0,,Global ,,,
,lan0_mip=,,Global ,,,
,lan0_mode=0,,Global ,,,
,lan0_mtu_enable=0,,Global ,,,
,lan0_mtu=1500,,Global ,,,
,lan0_name=lan0,,Global ,,,
,lan0_netmask=255.255.255.0,,Global ,,,
,lan0_proto=static,,Global (FOR NOW?),,,
,lan0_server=0.0.0.0,,Global ,,,
,language=English,,Global ,,,
,linkbackup_enable=0,,Model/Service/Device,,,
,linkbackup_hot_mode=1,,Model/Service/Device,,,
,log_console=0,,Global,Log ,,
,log_crond=1,,Global,Log ,,
,log_level=7,,Global,Log ,,
,log_mark=0,,Global,Log ,,
,log_remote=0,,Global,Log ,,
,log_remoteip=,,Global,Log ,,
,log_remoteport=514,,Global,Log ,,
,login_timeout=500,,Global,Log ,,
,lte_band_config=ALL,,Carrier,4g Cellular,,
,,,,,,
,main_icmp_host=,,?Unsure,cell back up,,
,main_icmp_interval=10,,?Unsure,cell back up,,
,main_icmp_retries=3,,?Unsure,cell back up,,
,main_icmp_timeout=3,,?Unsure,cell back up,,
,main_successive_pkts_rcvd_for_up=1,,?Unsure,cell back up,,
,max_modem_reset=120,,Global,,Cellular,
,max_ppp_redial=10,,Global,,Cellular,
,mqtt_atm_id=,,Model/Carrier,,Device manager,
,mqtt_center=iot.inhandnetworks.com,,Model/Carrier,,Device manager,
,mqtt_device_info=,,Model/Carrier,,Device manager,
,mqtt_enable=1,,Model/Carrier,,Device manager,
,mqtt_experience_confirmed=1,,Model/Carrier,,Device manager,
,mqtt_experience_mode=disable,,Model/Carrier,,Device manager,
,mqtt_keepalive=60,,Model/Carrier,,Device manager,
,mqtt_lbs_interval=24,,Model/Carrier,,Device manager,
,mqtt_series_interval=24,,Model/Carrier,,Device manager,
,mqtt_sniffer_enable=1,,Model/Carrier,,Device manager,
,mqtt_sniffer_filter_enable=0,,Model/Carrier,,Device manager,
,mqtt_tls=1,,Model/Carrier,,Device manager,
,mqtt_username=service@wirelessatmstore.com,,Model/Carrier,,Device manager,
,multicast_pass=1,,Global,,FW Basic,
,,,,,,
,nf_ttl=0,,Global,,,
,ntp_kiss=,,Global,,,
,ntp_server=10.4.6.30;time.nist.gov;time.google.com,,Global,,,
,ntp_tdod=1,,Global,,,
,ntp_updates=24,,Global,,,
,,,,,,
,oem_name=,,Global,,,
,openvpn_c2c_enable=0,,Global,,OPENVPN,
,openvpn_dns1=1,,Global,,OPENVPN,
,openvpn_dns2=,,Global,,OPENVPN,
,openvpn_dns3=,,Global,,OPENVPN,
,openvpn_dns4=,,Global,,OPENVPN,
,openvpn_ovpn1=dev tun\0Apersist-tun\0Apersist-key\0Acipher AES-256-CBC\0Aauth SHA256\0Atls-client\0Aclient\0Aresolv-retry infinite\0Aremote 74.118.247.209 1194 udp\0Aauth-user-pass\0Aremote-cert-tls server\0A\0A<ca>\0A-----BEGIN CERTIFICATE-----\0AMIIEFTCCAv2gAwIBAgIBADANBgkqhkiG9w0BAQsFADBlMRAwDgYDVQQDEwdwZnNl\0AbnNlMQswCQYDVQQGEwJVUzETMBEGA1UECBMKTmV3IEplcnNleTESMBAGA1UEBxMJ\0ATHVtYmVydG9uMRswGQYDVQQKExJNaWxlcyBUZWNobm9sb2dpZXMwHhcNMjAwMjEw\0AMTY0ODIzWhcNMzAwMjA3MTY0ODIzWjBlMRAwDgYDVQQDEwdwZnNlbnNlMQswCQYD\0AVQQGEwJVUzETMBEGA1UECBMKTmV3IEplcnNleTESMBAGA1UEBxMJTHVtYmVydG9u\0AMRswGQYDVQQKExJNaWxlcyBUZWNobm9sb2dpZXMwggEiMA0GCSqGSIb3DQEBAQUA\0AA4IBDwAwggEKAoIBAQDDTdQplqwlxC0qo6fKWnRE6S3/GyuDfIyIt1b3YYpVOPPZ\0ACOGlcNs7wjwmSwUX80YNdxJiW626SBScpErE4KsqwrUU2eCGZlA1/HuvOXuUGULL\0ANWZXLxuebdiIxeGBxAHxDOeX5l8F68P0ohPXNbtqN19AtO2TNWslZl6obIcFiqJi\0Ar/m0qvk+/FZYYTnNndZsyqvLdYYyUMjbgh9IP31z6w6vpYIsL4UCU3XmoO++c9Yp\0APFSdJoroZQRsuFhVFW7ipOBeqEggxTRXnqkXaSYQagh5ag9cOCkPHur6olIniHy9\0AYMAgGEOreCJdzx3jaOPwfrVhOSmQ/8nlRMoT8UItAgMBAAGjgc8wgcwwHQYDVR0O\0ABBYEFB4xGMewAN4Iz+51Wn7QU14VI3xIMIGPBgNVHSMEgYcwgYSAFB4xGMewAN4I\0Az+51Wn7QU14VI3xIoWmkZzBlMRAwDgYDVQQDEwdwZnNlbnNlMQswCQYDVQQGEwJV\0AUzETMBEGA1UECBMKTmV3IEplcnNleTESMBAGA1UEBxMJTHVtYmVydG9uMRswGQYD\0AVQQKExJNaWxlcyBUZWNobm9sb2dpZXOCAQAwDAYDVR0TBAUwAwEB/zALBgNVHQ8E\0ABAMCAQYwDQYJKoZIhvcNAQELBQADggEBAEvfbYQpyopZYfl24D0YjQ9fBHu9K0Ot\0AAWI40Bdm1ZoPLmT73CdbzDbzMjZ34xXO8pw7TgIUtOl7KBQJpO0wjxYlz1T0hGX3\0AvEU9+oTbW7ho0pqfs3uTiPHp8kxatH0cn7U7uTqI4cl5coSfTRgg6+jkHcvqJbBZ\0AEsFCnrY1VIwIZ0LFQrCNOTRfM146/QhvaIHAaqS8NdaUl/NJ78l2iw/Py269MNTS\0ApXAyKuN5pVVN51a1Mddjo/vyuoI8qUBzV3XZqOzgg/gFSNcO88ob8AbG7uQ3NkL8\0ANVYUp3nkZkbGM7uzDt/riGFYENous9M8j1XLL9fS9YOSOkofFqro+E0=\0A-----END CERTIFICATE-----\0A</ca>\0A<cert>\0A-----BEGIN CERTIFICATE-----\0AMIIEaDCCA1CgAwIBAgIBBTANBgkqhkiG9w0BAQsFADBlMRAwDgYDVQQDEwdwZnNl\0AbnNlMQswCQYDVQQGEwJVUzETMBEGA1UECBMKTmV3IEplcnNleTESMBAGA1UEBxMJ\0ATHVtYmVydG9uMRswGQYDVQQKExJNaWxlcyBUZWNobm9sb2dpZXMwHhcNMjAwMjEx\0AMTkxNTQyWhcNMzAwMjA4MTkxNTQyWjBhMQswCQYDVQQGEwJVUzETMBEGA1UECBMK\0ATmV3IEplcnNleTESMBAGA1UEBxMJTHVtYmVydG9uMRswGQYDVQQKExJNaWxlcyBU\0AZWNobm9sb2dpZXMxDDAKBgNVBAMTA2F0bTCCASIwDQYJKoZIhvcNAQEBBQADggEP\0AADCCAQoCggEBAOGnDtiVitsItbuP9k/1eXGzhE5V3Efe+34gsqpewyR7ER1g4V50\0A7OnaUrPF0NvZXvGvOxsCqIpiqrf2T68t9LNhoLuHGIzcbaUyGXrVPo2AFR4/EML7\0AzLW1Dd/8vMwPnkK5SD0Tbz5nzPjY7QFXRnc5AkY0WdNE7Yrwc2io1+yaqyIoviWm\0A3JMq4FdtiW85r1GXX6GO1InH5H2LiXorRPmpPSiGEUY79fMV0yRETz83PdiQtC4o\0AfK2vVETmLuDs2TLQF9KFcoOyxy4NLcJBWx567n86TZLwUmUm5epWr3Oy26pNE4ej\0AJnKSg7m+GlCt3f+ueoLd87MczrwRcwEnG6kCAwEAAaOCASUwggEhMAkGA1UdEwQC\0AMAAwCwYDVR0PBAQDAgXgMDEGCWCGSAGG+EIBDQQkFiJPcGVuU1NMIEdlbmVyYXRl\0AZCBVc2VyIENlcnRpZmljYXRlMB0GA1UdDgQWBBS+TDpeH/5bX3KGL7jG4kbNlFnD\0AZzCBjwYDVR0jBIGHMIGEgBQeMRjHsADeCM/udVp+0FNeFSN8SKFppGcwZTEQMA4G\0AA1UEAxMHcGZzZW5zZTELMAkGA1UEBhMCVVMxEzARBgNVBAgTCk5ldyBKZXJzZXkx\0AEjAQBgNVBAcTCUx1bWJlcnRvbjEbMBkGA1UEChMSTWlsZXMgVGVjaG5vbG9naWVz\0AggEAMBMGA1UdJQQMMAoGCCsGAQUFBwMCMA4GA1UdEQQHMAWCA2F0bTANBgkqhkiG\0A9w0BAQsFAAOCAQEAkApPCVQ9oots58x/gHfRzHuGVmpvJjoHuPzVd8Au6Rc+DiIX\0ApzVP/+W91ViWSodKK0ZdJCEbDbGC54vACuvdV76lBrLTFbAhLd/kHW+7Qu2mkVKV\0ABe87F4ayX5Gijc5qYRpOT6ljqwoRNT31o8nUdLEM4yeAbL9QsYsTFzplAmz17e7r\0AMDb7/9czGxgFjug4tio92ZiJ4HAqwUoVZRMqR4lpzMvE3J7HDzFmi8cUUI+S2w0n\0A7J9G3Xvdlr7GiHT2W+I8jmCfpU5WGz8xVi/Xm5+e67EYV8dVtPd9PqAzQ9oXxo1h\0A+Ao10qeNesrNAUjAnTE1rpF124o6+QGcHLyROw==\0A-----END CERTIFICATE-----\0A</cert>\0A<key>\0A-----BEGIN PRIVATE KEY-----\0AMIIEvAIBADANBgkqhkiG9w0BAQEFAASCBKYwggSiAgEAAoIBAQDhpw7YlYrbCLW7\0Aj/ZP9Xlxs4ROVdxH3vt+ILKqXsMkexEdYOFedOzp2lKzxdDb2V7xrzsbAqiKYqq3\0A9k+vLfSzYaC7hxiM3G2lMhl61T6NgBUePxDC+8y1tQ3f/LzMD55CuUg9E28+Z8z4\0A2O0BV0Z3OQJGNFnTRO2K8HNoqNfsmqsiKL4lptyTKuBXbYlvOa9Rl1+hjtSJx+R9\0Ai4l6K0T5qT0ohhFGO/XzFdMkRE8/Nz3YkLQuKHytr1RE5i7g7Nky0BfShXKDsscu\0ADS3CQVseeu5/Ok2S8FJlJuXqVq9zstuqTROHoyZykoO5vhpQrd3/rnqC3fOzHM68\0AEXMBJxupAgMBAAECggEAGcg8qgJsGxqjqQqJ2hjyB0u7kje9M3kGwyJ5R34MTd7B\0A1dl75o71gsKvMFspwfTUJEkhN7TWDPm5B8vczucxTk2ZT9Pfujh1Tqqqvp4ex4wa\0A3ZnXEHA0s448R5tY9vfR3U3OMyxFSZwSj1w5uC2An56j4+GXYcw+V+GhThP8l8vd\0AUgmkpsqoqTPitO9QfhL8/L4ryOfLK8UQjBLJGWj8Jei/wpCLIFY+cWKJzFYs9cl1\0AurKe4mYKd2lqax6AY+DIuXYWk5ibGH5jCcoucVsQ+CVCq4mLQp/k3x993Z13HGNT\0AP+6lv8yh0Tk6QDOa56MHbiQDmPw1FYmjKpJcMNv1AQKBgQD1sjDzp4VttylhIbRS\0A5vzwpySEtlXOg9/6Yx1lvLxOPjioFjISmvGII3wGYtE73d7ZaDKsxX55uR9yRO42\0A/8KaruCmV0OIGK0iLjrw5QyBsmWyGMQLqt8tG0zE0xl4g3IY3AOCxeQWAukuxtnP\0Ad9je2veJ4FIHvVdZHCczx2xauwKBgQDrHa23VSDnncPTJcqIIC/JEXOoWiSlFKrG\0Agj93j/Xih9qCFiWT+OtKiqTnmPjGY9xf67Ss+xgRQ77c6/irN41ecEiauRjvTbTX\0AC2dKJRYjKJaB19J4MPwaYcVyJZ73shWPRpB7egG+dU0Kx8Bba4A+AmioiEv8248C\0AD9zjN89W6wKBgExXGISseXXUomPOwCO+J7tyg5NEwDaRnSdEYp743J2HEb2QX/CN\0A+hwtwlyNmat7TcHJcW1jU9/oWE/+APJP15yOV7j3hkEkQa9MI/4zfQZTcuu6bDef\0A2QY/5EOHv/NFDE+TFPguGqeIMgHZwVWITHc6HA3YCETlXN2QNNIO1aj/AoGAVkie\0A/t/z4mxIeE2vJQPC5aRM8KScPCT4gz87cXJYh1jZ/NGJ2uMH3mRBHmlKKuxs7JrA\0AxJalf3iAK+1BZfxOGjFUw8tX9kJrMlwR/OjdVevISEBfEhLQAhKNdlWOIFKvjNQV\0Ao+rjhvTfYCxsUGCEQL17kRXr5RDiS5xssMpDgh8CgYAmSXWDaJ+zW9rL174ruvA1\0AeTFOIwN/WkPrh7eGQmArpcueeB6nxLRnqANLs+GiG1m9iODHUIw8M1zfk6n9+3Io\0AgNb/3RFDzy4axMgagqJvlT8uPE2pcztAotlQZahxGjo5eNHJtmlcW1a3Etuz8v1W\0AwZ0KC34XjEQvfMnUbYD3yQ==\0A-----END PRIVATE KEY-----\0A</key>\0Akey-direction 1\0A<tls-auth>\0A#\0A# 2048 bit OpenVPN static key\0A#\0A-----BEGIN OpenVPN Static key V1-----\0Ad706be58c86573da526660ce24e168f7\0A210212a33a3ecdf3c3f3c73b248d2396\0Ae9b11ee19469ed154b47098fddd3066e\0A69a88b88657087a233f6d5292f4f2633\0Ad1be4bd198ea1c211d49b29a660d8713\0A14a4f8d060ccb9e0dc17c2c6fe58e112\0A63e1c0f64bb61b9b710d3ccd00af36ac\0A067ee86773816679865944967e1e24df\0Addba1516f61f8f7792b0f144cb1e11cf\0Ae35a22d3aa95e02439f1f2e615da75d6\0A24bd324d7279a2d41be71c970db51878\0A6701d2e267bf0545ca5be4d58230924e\0Ac9c2fd5661ce863ef580c6a703f532a7\0Aea7a7bc9c50856266630b909821f0aad\0A8fc10a8e37a588f6459cac56a8928083\0A377217c47becd47dccbcee06e55bbd07\0A-----END OpenVPN Static key V1-----\0A</tls-auth>,,Global,,OPENVPN,
,openvpn_secret1=,,Global,,OPENVPN,
,openvpn_secret2=,,Global,,OPENVPN,
,openvpn_secret3=,,Global,,OPENVPN,
,openvpn_secret4=,,Global,,OPENVPN,
,openvpn_tunnel_action=edit,,Global,,OPENVPN,
,openvpn_tunnel_name=OpenVPN_T_1,,Global,,OPENVPN,
,"openvpn_tunnels=OpenVPN_T_1,0,2,0,1194,,0,atm,Ifhe@#hIO2ipVIe&,,255.255.255.0,,,,255.255.255.0,60,300,86400,0,0,0,1500,,3,0,,sha1;",,Global,,OPENVPN,
,openvpn_user_list=,,Global,,OPENVPN,
,ospf_enable=0,,Global,,,
,ovdp_center_port=20003,,Global,,,
,ovdp_center=g.inhandnetworks.com,,Global,,,
,ovdp_device_id=302003017,,Global,,,
,ovdp_enable=0,,Global,,,
,ovdp_entity_conf=,,Global,,,
,ovdp_hb_interval=120,,Global,,,
,ovdp_hb_retries=3,,Global,,,
,ovdp_hb_retries=3,,Global,,,
,ovdp_hb_timeout=3600,,Global,,,
,ovdp_login_retries=3,,Global,,,
,ovdp_mode=0,,Global,,,
,ovdp_rx_timeout=30,,Global,,,
,ovdp_sms_interval=24,,Global,,,
,ovdp_trust_list=,,Global,,,
,ovdp_tx_retries=3,,Global,,,
,ovdp_vendor_id=0003,,Global,,,
,,,,,,
,pam_shield_interval=600,?unsure,,,,
,pam_shield_retention=3600,?unsure,,,,
,pam_shield_retry=20,?unsure,,,,
,port_mode=0,,Global,,,
,portal_enable=,,Global,,,
,pptpc_tunnel_action=,,Global,VPN,,
,pptpc_tunnel_name=,,Global,VPN,,
,pptpc_tunnels=,,Global,VPN,,
,pptps_debug=0,,Global,VPN,,
,pptps_enable=0,,Global,VPN,,
,pptps_expert=,,Global,VPN,,
,pptps_interval=60,,Global,VPN,,
,pptps_localip=,,Global,VPN,,
,pptps_mppe=0,,Global,VPN,,
,pptps_passwd=,,Global,VPN,,
,pptps_remoteip=,,Global,VPN,,
,pptps_remotemask=,,Global,VPN,,
,pptps_remotenet=,,Global,VPN,,
,pptps_retry=5,,Global,VPN,,
,pptps_username=,,Global,VPN,,
,,,,,,
,qos_ack=1,,Global,QoS,,
,qos_burst0=64,,Global,QoS,,
,qos_burst1=64,,Global,QoS,,
,qos_default=0,,Global,QoS,,
,qos_enable=0,,Global,QoS,,
,qos_ibw=100000,,Global,QoS,,
,qos_icmp=1,,Global,QoS,,
,qos_iface=,,Global,QoS,,
,qos_iface=wan1,,Global,QoS,,
,qos_inuse=1,,Global,QoS,,
,qos_irates=,,Global,QoS,,
,qos_method=1,,Global,QoS,,
,qos_obw=100000,,Global,QoS,,
,qos_old_iface=,,Global,QoS,,
,qos_orates=,,Global,QoS,,
,qos_reset=1,,Global,QoS,,
,qoslimit_enable=0,,Global,QoS,,
,qoslimit_rule_old=,,Global,QoS,,
,qoslimit_rule=,,Global,QoS,,
,,,,,,
,redial_dual_apn_enable=0,,Device,,,
,redial_ppp_profiles=1:matrix.com.attz:*99#:0::;2:Matrxatm.gw12.vzwentp:*99#:0::;,,Device/Carrier,,,
,redial_reboot=1,,Device/Carrier,,,
,redial_sim1_profile=,,Device/Carrier,,,
,redial_sim1_profile2=,,Device/Carrier,,,
,redial_sim2_profile=,,Device/Carrier,,,
,redial_sim2_profile2=,,Device/Carrier,,,
,"rmon_advance_cfg=_wan1_imei,_wan1_iccid,_wan1_sinr",Wrong,Device,status report,,
,rmon_cur_softver=1,,Global,status report,,
,rmon_enable=1,,Global,status report,,
,rmon_geolocation=0,,Global,status report,,
,rmon_hostname=1,,Global,status report,,
,rmon_httpapi_enable=1,,Global,status report,,
,rmon_io_value=0,,Global,status report,,
,rmon_ipaddr=1,,Global,status report,,
,rmon_ipaddr2=1,,Global,status report,,
,rmon_log_enable=1,,Global,status report,,
,rmon_passwd=test,,Global,status report,,
,rmon_protocol=2,,Global,status report,,
,rmon_rep_interval=120,,Global,status report,,
,rmon_report_args=1,,Global,status report,,
,rmon_serial_num=1,,Global,status report,,
,rmon_server_domain=apcommand.com,,Global,status report,,
,rmon_server_port=8002,,Global,status report,,
,rmon_signal_strength=1,,Global,status report,,
,rmon_terminal_id=1,,Global,status report,,
,rmon_timestamp=1,,Global,status report,,
,rmon_uptime=1,,Global,status report,,
,rmon_user=Test_4,,Global,status report,,
,router_name=Router,?,Global,,,
,routes_static_saved=,?,device,,,
,routes_static=,?,device,,,
,rstats_exclude=,,Global,,,
,,,,,,
,scep_challenge=,,Global,Cert VPN,,
,scep_common_name=,,Global,Cert VPN,,
,scep_domain=,,Global,Cert VPN,,
,scep_enable=0,,Global,Cert VPN,,
,scep_fqdn=,,Global,Cert VPN,,
,scep_key_len=1024,,Global,Cert VPN,,
,scep_poll_interval=60,,Global,Cert VPN,,
,scep_poll_retries=3,,Global,Cert VPN,,
,scep_poll_timeout=3600,,Global,Cert VPN,,
,scep_req=,,Global,Cert VPN,,
,scep_serialno=,,Global,Cert VPN,,
,scep_status=,,Global,Cert VPN,,
,scep_transid=,,Global,Cert VPN,,
,scep_unaddr=,,Global,Cert VPN,,
,scep_unit1=,,Global,Cert VPN,,
,scep_unit2=,,Global,Cert VPN,,
,scep_url=,,Global,Cert VPN,,
,schedule_list=,?,,,,
,sim1_binding_iccid=,!!,Device,,,
,sim1_card_operator=2,,Device/Carrier,,PROFILE TABLE VALUE,
,sim2_binding_iccid=,!!,Device ,,,
,sim2_card_operator=1,,Device/Carrier,,PROFILE TABLE VALUE,
,sms_acl=,,Device ,,SMS,
,sms_apn=APN,,Device ,,SMS,
,sms_ctrl_cmd=,,Device ,,SMS,
,sms_enable=1,,Device ,,SMS,
,sms_network_provider=NET,,Device ,,SMS,
,sms_rb=REB,,Device ,,SMS,
,sms_sq=STA,,Device ,,SMS,
,sms_strict=0,,Device ,,SMS,
,sms_switch_main_sim=SIM,,Device ,,SMS,
,snmpd_comlist=,,Global,,,SNMP
,snmpd_enable=0,,Global,,,SNMP
,snmpd_grouplist= ,,Global,,,SNMP
,snmpd_port=161,,Global,,,SNMP
,snmpd_syscontact=,,Global,,,SNMP
,snmpd_syslocation=,,Global,,,SNMP
,snmpd_userlist=,,Global,,,SNMP
,snmpd_version=,,Global,,,SNMP
,snmptrap_server_ip=,,Global,,,SNMP
,snmptrap_signal_level=10,,Global,,,SNMP
,sshd_authkeys=,?,Global,,,
,sshd_description=,?,Global,,,
,sshd_enable=0,?,Global,,,
,sshd_hostkey=AAAAB3NzaC1yc2EAAAADAQABAAAAgwCSf/IA51I6hM8C8QxYzF8pbX84qadqnA1vRim/i920oZz6QD2xkhn02hJ0ohpuYTGK16AoFCrW/Lkc8A4TuBx8uQxldkA5jdAF5DMcGNr2qC9XR481BPjz9YGawgLGGO/Itkh9YHdR/FiMsb+h16MY1syCmnMOSII6jH/wI3hbSwXNAAAAgkX7VZUF63tl1ufOUzoWAr1s/5GHRaDBRA+sQiQswa9YZn8K8g2hv8F97MQHbb3dswdiorCSlbZWSm1e5TKZSA5xsJA0PTIE+ys8O3Jf5JEkhIm5O1V2UPYVOmaO1M//JryMV72eSdhtlqKRcrc+8yNWcr1ENEhpACM8HIgsukdBs8cAAABCAJ568Vay06Kayb5EBcYHuhwAz00SPHzp8/E0NGApFby5Gsbi6YXAURuWjpDbraB3MPMa6ZokyzgVcOvrO9YXbI/PAAAAQgDspb8Pq757LpKDR7DVP7ZF0mnoKALg7zpvzcr1C4+BnR8nKeeu5f4t2lBTqO/4J3FXu6vYtwJXOPS0o8tO8H17ow==,?,Global,,,
,sshd_hostkey2=AAAAB3NzaC1kc3MAAACBAKQivtUbDu4VxzhuBZXjElN3E5Q44WNd83Wc1FyqzLnSeA3n4dTyyRMbiD8toa+eMVttk5X9Oj/1OZRAwBkqZzvsz9W6feNEQbcGjiJrrHgwNaMFUboBlAtKvlvmLozpZzAnoA9dC6z0DGUIGZndI29+O9b0WB5KK6q0xijCzO2ZAAAAFQCrkkhUBVPkmxCcw6Wvj25bdzGh2wAAAIEAieTC+kkxc6LnOfDwdbTvVyLfM6AJEw/HXDpYcSvUl0crLDl1QeHeGjL/3LWh5E8oX9Cv+JJhElTo/hEHwm1afDyM0htzo87pQGfrZn/nLOxIeE6WQXjtFe5PNkZSakay2By5JFwqbHJB4OqC7oCIB/uL60mhAFsrp3qd4ZGHn8AAAACAJOCmvMrCjixfHxkiNDx7f8FFQp9RNgnDsYdzmXao0VAZmegJBoU/EcTm9YwtDe2/9UWlkmZEUxv+zXg8pey+cV9uGhKkaL0zqnF7qUPGLKX13GhWNMdQfoAB+6/ur8X5zQMadUtlCPthLbY6/li0x3te8KjZJSItuhKThAXKiIsAAAAULXDagp4W7KbwIY9A8PCoSxUQnS4=,?,Global,,,
,sshd_local=1,?,Global,,,
,sshd_pass=0,?,Global,,,
,sshd_port=22,?,Global,,,
,sshd_remote=0,?,Global,,,
,sshd_src=,?,Global,,,
,ssl_proxy_enable=1,,Global,,Smart ATM Table,
,ssl_proxy_processor_host=,,Global,,Smart ATM Table,
,ssl_proxy_processor_port=,,Global,,Smart ATM Table,
,ssl_proxy_tcp_server_addr=,,Global,,Smart ATM Table,
,ssl_proxy_tcp_server_port=,,Global,,Smart ATM Table,
,ssl_proxy_tcp_server_port=,,Global,,Smart ATM Table,
,ssl_server=1:1:1:7000:atm.columbusdata.net:6965:0:0:0;2:1:1:7003:208.224.248.160:1440:0:1:1;1:1:1:6661:atm.columbusdata.net:6965:0:0:0;1:1:1:561:atmssl.dnsatm.com:8002:0:0:0;1:1:1:562:209.177.203.146:443:0:0:0;1:0:0:5306:atm.planetpayment.net:5306:0:0:0;1:0:0:5307:atm.planetpayment.net:5307:0:0:0;1:0:0:5555:192.168.1.100:5555:0:0:0;1:0:0:5591:192.168.1.91:5555:0:0:0;1:1:1:7006:atm.columbusdata.net:6965:0:0:0;2:1:1:8444:sslgb.1stiso.com:8444:0:1:1;1:0:0:18456:192.168.1.100:18456:0:0:0;1:0:0:12345:192.168.1.123:80:0:0:0;2:1:1:447:EMV.SIBISYSTEMS.Com:9056:0:1:1;2:1:1:7002:pos.tnsi.com:5162:0:1:1;1:1:1:445:umcstunnellenexa.dyndns.org:49154:0:0:0;1:1:1:450:EFTDEBITATM.FNFIS.COM:443:0:0:0;1:1:1:453:umcstunnellenexa.dyndns.org:2097:0:0:0;1:1:1:465:umcstunnellenexa.dyndns.org:48154:0:0:0;2:1:1:7004:pos.tnsi.com:5550:0:1:1;1:0:0:1000:192.168.1.100:1000:0:0:0;1:0:0:5500:192.168.1.100:5500:0:0:0;1:0:0:5900:192.168.1.100:5900:0:0:0;1:1:1:5901:192.168.1.100:5901:0:0:0;1:0:0:2222:192.168.1.111:22:0:0:0;,,Global,,Smart ATM Table,
,stategrid_enable=,?,Global,,China,
,sysconf_timestamp=,?,Global,,,
,,,,,,
,t_cafree=1234,?,?,,,
,telnet_description=,,Global,,telnet,
,telnet_enable=0,,Global,,,
,telnet_local=1,,Global,,,
,telnet_port=50023,,Global,,,
,telnet_remote=1,,Global,,,
,telnet_src=,,Global,,,
,tm_dst=1,,Global,,time,
,"tm_sel=EST5EDT,M3.2.0/2,M11.1.0/2",,Global,,time,
,"tm_tz=EST5EDT,M3.2.0/2,M11.1.0/2",,Global,,time,
,"traffic_custom_actions=0,0,0,0",,Device/Service Plan,,,
,traffic_custom_enable=0,,Device/Service Plan,,,traffic manager
,traffic_custom_rule=,,Device/Service Plan,,,traffic manager
,traffic_day_action=1,,Device/Service Plan,,,traffic manager
,traffic_day_threshold=3584,,Device/Service Plan,,,traffic manager
,traffic_day_unit=1,,Device/Service Plan,,,traffic manager
,traffic_enable=1,,Device/Service Plan,,,traffic manager
,traffic_exceed_report=0,,Device/Service Plan,,,traffic manager
,traffic_month_action=1,,Device/Service Plan,,,traffic manager
,traffic_month_alarm=0,,Device/Service Plan,,,traffic manager
,traffic_month_discon=0,,Device/Service Plan,,,traffic manager
,traffic_month_start_day=1,,Device/Service Plan,,,traffic manager
,traffic_month_threshold=0,,Device/Service Plan,,,traffic manager
,traffic_month_unit=1,,Device/Service Plan,,,traffic manager
,traffic_month2_action=0,,Device/Service Plan,,,traffic manager
,traffic_month2_threshold=0,,Device/Service Plan,,,traffic manager
,traffic_month2_unit=1,,Device/Service Plan,,,traffic manager
,traffic_sms_up=,,Device/Service Plan,,,
,,,,,,
,up_bandwidth=1000,,Global,qos,,
,,,,,,
,vrrpd0_adv_interval=60,,Global,,vrrpd,
,vrrpd0_auth=none,,Global,,vrrpd,
,vrrpd0_enable=0,,Global,,vrrpd,
,vrrpd0_iface=lan0,,Global,,vrrpd,
,vrrpd0_mon=0,,Global,,vrrpd,
,vrrpd0_prio=20,,Global,,vrrpd,
,vrrpd0_vip=,,Global,,vrrpd,
,vrrpd0_vmac=0,,Global,,vrrpd,
,vrrpd0_vrid=1,,Global,,vrrpd,
,vrrpd1_adv_interval=60,,Global,,vrrpd,
,vrrpd1_auth=none,,Global,,vrrpd,
,vrrpd1_enable=0,,Global,,vrrpd,
,vrrpd1_iface=lan0,,Global,,vrrpd,
,vrrpd1_mon=0,,Global,,vrrpd,
,vrrpd1_prio=10,,Global,,vrrpd,
,vrrpd1_vip=,,Global,,vrrpd,
,vrrpd1_vmac=0,,Global,,vrrpd,
,vrrpd1_vrid=2,,Global,,vrrpd,
,,,,,,
,wan_backup_link=wan1,,Device/Service Plan,,,cellular back up
,wan_backup_mode=0,,Device/Service Plan,,,cellular back up
,wan_backup_retry=3,,Device/Service Plan,,,cellular back up
,wan_backup_rule=0,,Device/Service Plan,,,cellular back up
,wan_backup_time=3600,,Device/Service Plan,,,cellular back up
,wan_linkbackup_enable=0,,Device/Service Plan,,,cellular back up
,wan_main_link=wan0,,Device/Service Plan,,,cellular back up
,wan_main_retry=3,,Device/Service Plan,,,cellular back up
,wan0_debug=0,,Global,,,Wan Port on Multi Port Devices 
,wan0_default_route=1,?,Global/Device/Service Plan ??,,,Wan Port on Multi Port Devices 
,wan0_gateway=192.168.1.1,,Device/Service Plan,,,Wan Port on Multi Port Devices 
,wan0_icmp_host=,,Device/Service Plan,,,Wan Port on Multi Port Devices 
,wan0_icmp_interval=30,,Device/Service Plan,,,Wan Port on Multi Port Devices 
,wan0_icmp_retries=3,,Device/Service Plan,,,Wan Port on Multi Port Devices 
,wan0_icmp_timeout=20,,Device/Service Plan,,,Wan Port on Multi Port Devices 
,wan0_iface=eth2.2,,Device/Service Plan,,,Wan Port on Multi Port Devices 
,wan0_ip=192.168.1.29,,Device/Service Plan,,,Wan Port on Multi Port Devices 
,wan0_lan_mode=lan,,Device/Service Plan,,,Wan Port on Multi Port Devices 
,wan0_mac=00:18:05:15:14:F5,,Inherited,,,Wan Port on Multi Port Devices 
,wan0_mip=,,Global,,,Wan Port on Multi Port Devices 
,wan0_mtu_enable=0,,Global,,,Wan Port on Multi Port Devices 
,wan0_mtu=1500,,Global,,,Wan Port on Multi Port Devices 
,wan0_netmask=255.255.255.0,,Global/Device/Service Plan ??,,,Wan Port on Multi Port Devices 
,wan0_ppp_ac=,,Global,,,Wan Port on Multi Port Devices 
,wan0_ppp_am=0,?,Global,,,Wan Port on Multi Port Devices 
,wan0_ppp_check_interval=55,?,Global,,,Wan Port on Multi Port Devices 
,wan0_ppp_check_retries=10,?,Global,,,Wan Port on Multi Port Devices 
,wan0_ppp_hostuniq=,?,Global,,,Wan Port on Multi Port Devices 
,wan0_ppp_idletime=0,?,Global,,,Wan Port on Multi Port Devices 
,wan0_ppp_ip=,,Global,,,Wan Port on Multi Port Devices 
,wan0_ppp_iph_comp=0,,Global,,,Wan Port on Multi Port Devices 
,wan0_ppp_mode=0,?,Global/Device/Service Plan ??,,,Wan Port on Multi Port Devices 
,wan0_ppp_mru=1500,,Global,,,Wan Port on Multi Port Devices 
,wan0_ppp_options=,?,Global,,,Wan Port on Multi Port Devices 
,wan0_ppp_passwd=,,Global,,,Wan Port on Multi Port Devices 
,wan0_ppp_peer=,,Global,,,Wan Port on Multi Port Devices 
,wan0_ppp_peerdns=1,,Global,,,Wan Port on Multi Port Devices 
,wan0_ppp_redial_interval=30,,Global,,,Wan Port on Multi Port Devices 
,wan0_ppp_service=,?,Global,,,Wan Port on Multi Port Devices 
,wan0_ppp_static=0,?,Global,,,Wan Port on Multi Port Devices 
,wan0_ppp_txql=3,?,Global,,,Wan Port on Multi Port Devices 
,wan0_ppp_username=,,Global,,,Wan Port on Multi Port Devices 
,wan0_proto=disabled,?,Global/Device/Service Plan ??,,,Wan Port on Multi Port Devices 
,wan0_schedule=,?,Global,,,Wan Port on Multi Port Devices 
,wan0_shared=1,,Global,,,Wan Port on Multi Port Devices 
,wan0_trig_data=1,?,Global,,,Wan Port on Multi Port Devices 
,wan1_band_config=ALL;ALL;,,Global,,,
,wan1_bridge_mode=0,,Global,,,
,wan1_debug_modem=0,,Global,,,
,wan1_debug=0,,Global,,,
,wan1_default_route=1,?,Global/Device/Service Plan ??,,,
,wan1_icmp_backup_host=10.4.6.30,,Global,,,
,wan1_icmp_detect_enable=1,,Global,,,
,wan1_icmp_host=10.4.6.30,,Global,,,
,wan1_icmp_interval=3600,,Global,,,
,wan1_icmp_lost_packets=100,,Global,,,
,wan1_icmp_main_host=10.4.6.30,,Global,,,
,wan1_icmp_mode=1,,Global,,,
,wan1_icmp_retries=5,,Global,,,
,wan1_icmp_timeout=20,,Global,,,
,wan1_iface=/dev/ttyUSB3,,Global,,,
,wan1_ims=0,,Global,,,
,wan1_ip=0.0.0.0,,Global,,,
,wan1_mip=,?,Global,,,
,wan1_mtu_enable=0,,Global,,,
,wan1_mtu=1500,,Global,,,
,wan1_name=,,Global,,,
,wan1_ppp_am=0,?,Global,,,
,wan1_ppp_apn=Matrxatm.gw12.vzwentp,,Carrier/Service plan,,,
,wan1_ppp_authen=0,,Global,,,
,wan1_ppp_callno=*99#,,Global,,,
,wan1_ppp_check_interval=55,,Global,,,
,wan1_ppp_check_retries=6,,Global,,,
,wan1_ppp_debug=1,?,Global,,,
,wan1_ppp_freq_select=0,,Global,,,
,wan1_ppp_idletime=0,,Global,,,
,wan1_ppp_init=AT,,Global,,,
,wan1_ppp_ip=,,Global,,,
,wan1_ppp_iph_comp=1,,Global,,,
,wan1_ppp_mode=0,,Global,,,
,wan1_ppp_modem_mode=0,,Global,,,
,wan1_ppp_modem=,,Global,,,
,wan1_ppp_mru=1500,,Global,,,
,wan1_ppp_network_select=0,?,Global,,,
,wan1_ppp_network=FDD-LTE,?,Global,,,
,wan1_ppp_options=nomppe nomppc nodeflate nobsdcomp novj novjccomp noccp,,Global,,,
,wan1_ppp_passwd=,,Global,,,
,wan1_ppp_peer=1.1.1.3,?,Global,,,
,wan1_ppp_peerdns=1,?,Global,,,
,wan1_ppp_pincode=,,Global,,,
,wan1_ppp_provider=2,,Global,,,
,wan1_ppp_redial_interval=30,,Global,,,
,wan1_ppp_sim2_apn=matrix.com.attz,,Carrier/Service plan,,,
,wan1_ppp_sim2_authen=0,,Global,,,
,wan1_ppp_sim2_callno=*99#,,Global,,,
,wan1_ppp_sim2_network=,,Global,,,
,wan1_ppp_sim2_passwd=,,Global,,,
,wan1_ppp_sim2_pincode=,,Global,,,
,wan1_ppp_sim2_provider=1,,Global,,,
,wan1_ppp_sim2_username=,,Global,,,
,wan1_ppp_static=0,,Global,,,
,wan1_ppp_timeout=120,,Global,,,
,wan1_ppp_txql=64,,Global,,,
,wan1_ppp_username=,,Global,,,
,wan1_proto=dialup,,Global,,,
,wan1_renewing=,?,,,,
,wan1_schedule=,?,,,,
,wan1_shared=1,,Global,,,
,wan1_sms_down=,,Global,,,
,wan1_sms_up=,,Global,,,
,wan1_trig_call=1,,Global,,,
,wan1_trig_data=1,,Global,,,
,wan1_trig_sms=0,,Global,,,
,wan1_uptime=37,,Global,,,
,wan127_ppp_check_interval=30,??,Global,,,
,wan2_debug=0,,Global,,,
,wan2_default_route=1,,Global,,,
,wan2_gateway=192.168.3.1,,Service/Device,,,
,wan2_icmp_host=,,Service/Device,,,
,wan2_icmp_interval=30,,Global,,,
,wan2_icmp_retries=3,,Global,,,
,wan2_icmp_timeout=20,,Global,,,
,wan2_iface=ra0,?,Global,,,
,wan2_ip=192.168.3.29,,Service/Device,,,
,wan2_mac=,,Global,,,
,wan2_mip=,,Global,,,
,wan2_mtu_enable=0,,Global,,,
,wan2_mtu=1500,,Global,,,
,wan2_netmask=255.255.255.0,,Global,,,
,wan2_ppp_ac=,,Global,,,
,wan2_ppp_am=0,?,Global,,,
,wan2_ppp_check_interval=55,,Global,,,
,wan2_ppp_check_retries=10,,Global,,,
,wan2_ppp_hostuniq=,,Global,,,
,wan2_ppp_idletime=0,,Global,,,
,wan2_ppp_ip=,,Global,,,
,wan2_ppp_iph_comp=0,,Global,,,
,wan2_ppp_mode=0,,Global,,,
,wan2_ppp_mru=1500,,Global,,,
,wan2_ppp_options=,,Global,,,
,wan2_ppp_passwd=,,Global,,,
,wan2_ppp_peer=,,Global,,,
,wan2_ppp_peerdns=1,,Global,,,
,wan2_ppp_redial_interval=30,,Global,,,
,wan2_ppp_service=,,Global,,,
,wan2_ppp_static=0,,Global,,,
,wan2_ppp_txql=3,,Global,,,
,wan2_ppp_username=,,Global,,,
,wan2_proto=none,,Global,,,
,wan2_schedule=,,Global,,,
,wan2_shared=1,,Global,,,
,wan2_trig_data=1,,Global,,,
,wan3_default_route=1,,Service/Device,,,
,wan3_mtu=1500,,Global,,,
,wan3_ppp_apn=cmnet,?,Service/Device,,,
,wan3_ppp_authen=0,,Global,,,
,wan3_ppp_passwd=,,Global,,,
,wan3_ppp_provider=China Mobile (GPRS/EDGE),?,Global,,,
,wan3_ppp_sim2_apn=matrix.com.attz,,Carrier/Service/Device,,,
,wan3_ppp_sim2_authen=0,,Global,,,
,wan3_ppp_sim2_passwd=,,Global,,,
,wan3_ppp_sim2_username=,,Global,,,
,wan3_ppp_username=,,Global,,,
,wan3_proto=disabled,,Carrier/Service/Device,,,
,wan3_shared=1,,Global,,,
,wl0_ap=1,,Service/Device,,,
,wl0_auth=0,,Service/Device,,,
,wl0_bridge=0,,Service/Device,,,
,wl0_bw=0,,Service/Device,,,
,wl0_channel=11,,Service/Device,,,
,wl0_enable=0,,Service/Device,,,
,wl0_encrypt=0,,Service/Device,,,
,wl0_gkey_cycle=0,,Service/Device,,,
,wl0_iface=none,,Service/Device,,,
,wl0_mode=9,,Service/Device,,,
,wl0_radius_idle_timeout=0,,Service/Device,,,
,wl0_radius_ip=192.168.2.2,,Service/Device,,,
,wl0_radius_key=123456,,Service/Device,,,
,wl0_radius_port=1812,,Service/Device,,,
,wl0_radius_session_timeout=0,,Service/Device,,,
,wl0_ssid_brdcast=1,,Service/Device,,,
,wl0_ssid=inhand,,Service/Device,,,
,wl0_wds_auth=0,,Service/Device,,,
,wl0_wds_bssid=,,Service/Device,,,
,wl0_wds_enable=0,,Service/Device,,,
,wl0_wds_encrypt=0,,Service/Device,,,
,wl0_wds_ssid=,,Service/Device,,,
,wl0_wds_wep_key=12345,,Service/Device,,,
,wl0_wds_wpa_encrypt=2,,Service/Device,,,
,wl0_wds_wpa_psk=abcdefgh,,Service/Device,,,
,wl0_wep_key=12345,,Service/Device,,,
,wl0_wpa_encrypt=2,,Service/Device,,,
,wl0_wpa_psk=abcdefgh,,Service/Device,,,
,wwan0_default_route=1,,Service/Device,,,